k_min_1,a_t,euler_AIO,euler_linear,rep,std,P10,P25,P50,P75,P90
0.99236554,1.0,0.0021016598,0.0043689013,4.5,0.00029771082717405865,0.001765221357345581,0.0019790083169937134,0.002102077007293701,0.0021819323301315308,0.002251249551773071
0.994532,1.0,0.0020569086,0.004301071,4.5,0.0002972791333994128,0.0017214596271514892,0.0019344240427017212,0.0020570755004882812,0.0021369904279708862,0.0022071897983551025
0.9966985,1.0,0.0020126998,0.0042341948,4.5,0.00029692707635997504,0.0016778409481048584,0.0018904954195022583,0.0020124316215515137,0.0020927637815475464,0.0021636962890624997
0.99886495,1.0,0.0019690513,0.004167974,4.5,0.0002965992496225073,0.0016349494457244874,0.0018468797206878662,0.001968592405319214,0.0020489543676376343,0.002120476961135864
1.0010314,1.0,0.0019260228,0.0041024685,4.5,0.00029616380496670343,0.0015927255153656006,0.0018038153648376465,0.0019253194332122803,0.0020059198141098022,0.0020782470703125
1.0031979,1.0,0.0018833696,0.00403744,4.5,0.0002958306736066316,0.0015507400035858153,0.001761406660079956,0.001882404088973999,0.0019632428884506226,0.002036142349243164
1.0053644,1.0,0.0018414498,0.003973007,4.5,0.00029549969033727965,0.0015097081661224366,0.0017193853855133057,0.0018400251865386963,0.0019213110208511353,0.001995033025741577
1.0075308,1.0,0.0018001497,0.0039096475,4.5,0.00029510507996657995,0.0014691412448883056,0.0016782879829406738,0.0017985999584197998,0.0018798410892486572,0.0019543826580047607
1.0096973,1.0,0.0017593264,0.003846705,4.5,0.0002947775682963707,0.0014291703701019287,0.0016374439001083374,0.0017573833465576172,0.0018389970064163208,0.0019141852855682371
1.0118638,1.0,0.0017189563,0.0037843585,4.5,0.00029441208935825,0.001389545202255249,0.001597285270690918,0.0017167627811431885,0.0017985403537750244,0.0018745958805084226
1.0140302,1.0,0.0016793311,0.0037227273,4.5,0.00029400171909843586,0.0013508975505828857,0.0015576481819152832,0.001676797866821289,0.001758769154548645,0.0018356859683990477
1.0161967,1.0,0.0016400755,0.0036617517,4.5,0.0002936201278747195,0.001312386989593506,0.0015184879302978516,0.001637101173400879,0.0017195791006088257,0.0017970204353332517
1.0183632,1.0,0.0016013623,0.0036014318,4.5,0.00029318494472865646,0.0012744009494781495,0.001479804515838623,0.0015984177589416504,0.0016806721687316895,0.0017588198184967038
1.0205296,1.0,0.0015633821,0.0035416484,4.5,0.0002928878734664741,0.0012373685836791991,0.0014419704675674438,0.0015599727630615234,0.0016427040100097656,0.0017217457294464108
1.0226961,1.0,0.001525718,0.0034825802,4.5,0.00029245513507324014,0.0012005329132080077,0.001404300332069397,0.001522064208984375,0.001604914665222168,0.0016846299171447753
1.0248626,1.0,0.0014887511,0.0034242272,4.5,0.00029198086309684026,0.0011645674705505372,0.0013674050569534302,0.001484692096710205,0.0015679001808166504,0.001648426055908203
1.027029,1.0,0.0014522076,0.0033662915,4.5,0.00029162992249579856,0.001128816604614258,0.0013310611248016357,0.001447916030883789,0.0015312135219573975,0.0016125559806823729
1.0291955,1.0,0.0014163435,0.0033091307,4.5,0.0002912349293021268,0.0010940670967102052,0.0012952238321304321,0.0014115869998931885,0.0014951825141906738,0.001577562093734741
1.031362,1.0,0.0013809204,0.0032525063,4.5,0.0002908129520278384,0.0010595321655273438,0.0012598931789398193,0.0013758540153503418,0.0014596730470657349,0.0015427052974700925
1.0335286,1.0,0.0013459325,0.0031967163,4.5,0.0002904419136222048,0.0010253548622131347,0.0012248605489730835,0.0013402998447418213,0.0014249086380004883,0.0015086412429809568
1.035695,1.0,0.0013114393,0.003141284,4.5,0.00028996855489230944,0.000991678237915039,0.001190468668937683,0.001305311918258667,0.0013904571533203125,0.001474565267562866
1.0378615,1.0,0.0012775719,0.003086567,4.5,0.00028960143630410326,0.0009588837623596191,0.0011567026376724243,0.0012707412242889404,0.0013565272092819214,0.0014414906501770018
1.040028,1.0,0.0012442053,0.0030323863,4.5,0.00028920199858875997,0.0009263753890991211,0.0011233538389205933,0.0012367069721221924,0.001323312520980835,0.001408928632736206
1.0421944,1.0,0.0012113691,0.0029787421,4.5,0.00028874349294711157,0.000894474983215332,0.0010906010866165161,0.001203089952468872,0.0012906044721603394,0.001376897096633911
1.0443609,1.0,0.0011789799,0.002925992,4.5,0.00028832064291870135,0.000863027572631836,0.001058131456375122,0.0011701583862304688,0.0012581348419189453,0.0013452887535095213
1.0465274,1.0,0.0011472047,0.0028735995,4.5,0.00028792944195064473,0.0008321881294250488,0.0010265707969665527,0.0011376142501831055,0.0012264847755432129,0.0013140857219696043
1.0486938,1.0,0.0011158645,0.002821803,4.5,0.00028746030607233844,0.0008019208908081055,0.0009954720735549927,0.0011054277420043945,0.0011953264474868774,0.0012834846973419187
1.0508603,1.0,0.0010849417,0.002770722,4.5,0.00028709942636256843,0.0007718026638031006,0.0009642988443374634,0.0010739564895629883,0.0011645108461380005,0.0012534260749816892
1.0530268,1.0,0.0010545433,0.0027199984,4.5,0.00028660631191143186,0.0007426917552947998,0.0009340792894363403,0.0010428428649902344,0.0011340975761413574,0.0012237250804901121
1.0551932,1.0,0.0010248541,0.0026700497,4.5,0.0002861731146872833,0.0007139444351196289,0.0009045004844665527,0.0010124444961547852,0.0011044740676879883,0.001194643974304199
1.0573597,1.0,0.0009954274,0.002620697,4.5,0.0002857628620813452,0.0006855785846710205,0.0008751451969146729,0.0009824037551879883,0.0010749995708465576,0.0011660218238830566
1.0595262,1.0,0.00096649525,0.0025718808,4.5,0.0002852922115587236,0.0006573975086212158,0.0008462667465209961,0.0009526908397674561,0.0010461211204528809,0.0011381685733795163
1.0616927,1.0,0.0009380877,0.0025234818,4.5,0.00028484748589709715,0.0006301701068878174,0.0008177906274795532,0.0009236037731170654,0.0010178983211517334,0.0011102914810180663
1.0638591,1.0,0.000910157,0.0024757981,4.5,0.0002844331434393484,0.0006031572818756103,0.0007899552583694458,0.0008948743343353271,0.0009900033473968506,0.0010833144187927244
1.0660256,1.0,0.0008827448,0.0024287105,4.5,0.00028395235440884816,0.0005768835544586182,0.0007626116275787354,0.0008668601512908936,0.0009626299142837524,0.0010564863681793212
1.0681921,1.0,0.00085567235,0.0023820996,4.5,0.00028346132118755023,0.000550919771194458,0.0007356405258178711,0.0008390247821807861,0.0009355396032333374,0.0010303318500518798
1.0703585,1.0,0.00082926155,0.002335906,4.5,0.0002830884060876351,0.0005254805088043213,0.0007094889879226685,0.000811845064163208,0.0009093135595321655,0.0010044872760772703
1.072525,1.0,0.00080313085,0.0022904873,4.5,0.000282584316933842,0.0005004823207855225,0.0006832778453826904,0.0007849037647247314,0.0008831173181533813,0.0009793877601623534
1.0746915,1.0,0.00077764393,0.002245605,4.5,0.00028214110854290407,0.0004760086536407471,0.0006578266620635986,0.0007588565349578857,0.0008576810359954834,0.0009545266628265379
1.0768579,1.0,0.0007524073,0.00220114,4.5,0.00028163380169523786,0.00045199990272521974,0.000632554292678833,0.0007328987121582031,0.0008323937654495239,0.0009301602840423582
1.0790244,1.0,0.0007277668,0.0021573305,4.5,0.0002812090365881014,0.00042831301689147947,0.0006080269813537598,0.000707477331161499,0.0008078664541244507,0.0009063005447387694
1.081191,1.0,0.00070352555,0.002113998,4.5,0.0002807363805148306,0.0004052579402923584,0.0005838274955749512,0.0006825923919677734,0.0007836818695068359,0.0008827388286590574
1.0833573,1.0,0.0006796658,0.0020711422,4.5,0.00028022959820325885,0.0003823697566986084,0.0005601048469543457,0.0006578564643859863,0.0007599741220474243,0.000859791040420532
1.0855238,1.0,0.0006563425,0.0020288825,4.5,0.0002797725867231477,0.0003602862358093262,0.000536799430847168,0.0006338953971862793,0.0007367879152297974,0.0008372247219085692
1.0876904,1.0,0.0006334722,0.0019872189,4.5,0.00027928584344473365,0.00033858418464660645,0.000513806939125061,0.0006102919578552246,0.000713840126991272,0.0008152008056640623
1.0898567,1.0,0.00061113836,0.0019459724,4.5,0.00027879694507455127,0.00031754374504089355,0.0004915297031402588,0.0005870461463928223,0.0006916075944900513,0.0007936000823974608
1.0920233,1.0,0.00058906677,0.0019052625,4.5,0.0002782889217646998,0.0002965390682220459,0.00046959519386291504,0.0005643367767333984,0.000669524073600769,0.0007723867893218992
1.0941898,1.0,0.00056741235,0.0018651485,4.5,0.0002777916149496243,0.00027616024017333983,0.00044801831245422363,0.0005419254302978516,0.0006478577852249146,0.000751596689224243
1.0963562,1.0,0.00054626464,0.0018254519,4.5,0.00027736323182221657,0.0002560973167419434,0.00042688846588134766,0.0005200207233428955,0.000626787543296814,0.0007311463356018064
1.0985227,1.0,0.0005255163,0.0017864704,4.5,0.0002769340586787858,0.00023639202117919922,0.0004061460494995117,0.0004984140396118164,0.0006062239408493042,0.0007113099098205565
1.1006892,1.0,0.0005052209,0.001747787,4.5,0.00027639842670228783,0.00021741986274719237,0.00038583576679229736,0.0004773736000061035,0.0005858391523361206,0.0006917893886566161
1.1028557,1.0,0.0004853666,0.00170964,4.5,0.0002758623240849196,0.0001987636089324951,0.0003661811351776123,0.00045683979988098145,0.0005660504102706909,0.0006726622581481932
1.1050221,1.0,0.00046583413,0.0016719699,4.5,0.0002754439206569985,0.00018026232719421388,0.0003466308116912842,0.00043651461601257324,0.0005465596914291382,0.0006540834903717039
1.1071886,1.0,0.0004468143,0.0016348958,4.5,0.0002748868827891622,0.0001625180244445801,0.00032782554626464844,0.00041675567626953125,0.0005275458097457886,0.0006357431411743162
1.1093551,1.0,0.00042808056,0.0015981793,4.5,0.0002743544757692602,0.00014506578445434571,0.000308990478515625,0.0003972947597503662,0.0005088299512863159,0.000618016719818115
1.1115215,1.0,0.00040980577,0.0015622973,4.5,0.00027389954339859313,0.00012798309326171874,0.00029090046882629395,0.0003781616687774658,0.0004906505346298218,0.0006004214286804198
1.113688,1.0,0.0003917873,0.0015266538,4.5,0.0002733261516736206,0.00011125802993774415,0.00027292966842651367,0.0003593266010284424,0.0004727095365524292,0.000583142042160034
1.1158545,1.0,0.0003745556,0.0014912486,4.5,0.0002728933233865758,9.523630142211914e-05,0.0002556145191192627,0.0003414154052734375,0.00045533478260040283,0.0005669891834259031
1.1180209,1.0,0.00035734178,0.0014568567,4.5,0.00027235467550086384,7.942914962768556e-05,0.0002383887767791748,0.0003234446048736572,0.00043830275535583496,0.0005505383014678953
1.1201874,1.0,0.00034092664,0.0014226437,4.5,0.00027138544202127664,6.428956985473634e-05,0.00022155046463012695,0.0003059804439544678,0.00042150914669036865,0.0005345702171325682
1.1223539,1.0,0.00032761096,0.0013889074,4.5,0.0002667606085201097,5.221366882324219e-05,0.0002047717571258545,0.0002888143062591553,0.00040511786937713623,0.0005188703536987303
1.1245203,1.0,0.00031472446,0.0013557076,4.5,0.0002624961679844403,4.062652587890625e-05,0.00018861889839172363,0.0002720057964324951,0.0003893524408340454,0.0005038976669311521
1.1266868,1.0,0.00030207634,0.0013230443,4.5,0.0002586669569454036,4.466772079467774e-05,0.0001726597547531128,0.0002557337284088135,0.00037373602390289307,0.0004893481731414794
1.1288533,1.0,0.00028981565,0.001290679,4.5,0.0002551061512992766,5.6076049804687504e-05,0.00015741586685180664,0.00023978948593139648,0.0003586709499359131,0.0004749238491058348
1.1310198,1.0,0.0002776861,0.0012589097,4.5,0.0002520548349869966,6.717443466186523e-05,0.00014203786849975586,0.00022399425506591797,0.00034376978874206543,0.0004608869552612303
1.1331862,1.0,0.00026860237,0.0012275577,4.5,0.0002461325774039327,8.03828239440918e-05,0.00012731552124023438,0.00020900368690490723,0.00032939016819000244,0.00044739246368408187
1.1353527,1.0,0.0002597332,0.001196742,4.5,0.00024068589306731756,9.39011573791504e-05,0.00011295080184936523,0.00019422173500061035,0.00031526386737823486,0.00043404102325439437
1.1375192,1.0,0.0002510071,0.0011662841,4.5,0.00023595882145460123,9.145736694335938e-05,0.00010648369789123535,0.00017967820167541504,0.00030143558979034424,0.0004213333129882811
1.1396856,1.0,0.00024248361,0.0011364222,4.5,0.00023166553096639781,8.00013542175293e-05,9.897351264953613e-05,0.00016710162162780762,0.0002882927656173706,0.0004085779190063475
1.1418521,1.0,0.00023430586,0.0011069179,4.5,0.00022796131273521183,6.927251815795899e-05,8.603930473327637e-05,0.00016608834266662598,0.0002753734588623047,0.00039653182029724104
1.1440187,1.0,0.00022616386,0.0010778904,4.5,0.0002248203540772347,6.480216979980469e-05,7.888674736022949e-05,0.00016501545906066895,0.0002625584602355957,0.0003847301006317137
1.146185,1.0,0.00021825432,0.0010492802,4.5,0.00022216499880116353,5.255937576293945e-05,8.377432823181152e-05,0.00016385316848754883,0.00025025010108947754,0.00037307143211364727
1.1483516,1.0,0.00021067858,0.0010210276,4.5,0.00021989624216480657,4.0924549102783204e-05,7.712841033935547e-05,0.00016301870346069336,0.00023820996284484863,0.0003620743751525877
1.1505181,1.0,0.00020320415,0.0009934306,4.5,0.00021815606115390155,2.9420852661132814e-05,7.069110870361328e-05,0.0001602470874786377,0.00022755563259124756,0.00035122632980346666
1.1526845,1.0,0.0001958847,0.0009661913,4.5,0.00021679238782030627,1.8048286437988282e-05,6.446242332458496e-05,0.00014829635620117188,0.00022132694721221924,0.00034067034721374495
1.154851,1.0,0.00018966795,0.0009394288,4.5,0.00021509009310272624,8.0108642578125e-06,5.6236982345581055e-05,0.00014084577560424805,0.00021602213382720947,0.00033062696456909163
1.1570175,1.0,0.00018526912,0.00091326237,4.5,0.0002121191722637701,1.3589859008789062e-05,4.464387893676758e-05,0.00013977289199829102,0.00021238625049591064,0.0003208398818969725
1.1591839,1.0,0.00018281341,0.0008870959,4.5,0.00020806053380543967,1.398324966430664e-05,4.240870475769043e-05,0.00013875961303710938,0.00021667778491973877,0.00031143426895141585
1.1613504,1.0,0.00018029213,0.00086164474,4.5,0.00020445554672168768,1.9919872283935546e-05,4.7534704208374023e-05,0.00013780593872070312,0.00022073090076446533,0.0003023326396942137
1.1635169,1.0,0.00017918348,0.0008366108,4.5,0.00020023664637356878,2.8514862060546877e-05,5.245208740234375e-05,0.00013691186904907227,0.00022502243518829346,0.0002933919429779051
1.1656833,1.0,0.00017886757,0.00081187487,4.5,0.00019573389405692598,3.796815872192383e-05,5.7190656661987305e-05,0.0001360774040222168,0.00022293627262115479,0.0002923488616943358
1.1678498,1.0,0.00017845034,0.0007878542,4.5,0.00019185831927455237,4.662275314331055e-05,5.358457565307617e-05,0.00012862682342529297,0.00021792948246002197,0.0002983927726745604
1.1700163,1.0,0.00017806291,0.0007637739,4.5,0.0001884426130318746,3.896951675415039e-05,6.198883056640625e-05,0.0001195073127746582,0.0002140253782272339,0.00030434727668762193
1.1721828,1.0,0.00017772913,0.0007404685,4.5,0.00018549186948474218,4.222393035888672e-05,6.884336471557617e-05,0.00011438131332397461,0.00021027028560638428,0.00031000971794128404
1.1743492,1.0,0.00017732382,0.0007175803,4.5,0.00018296117762565007,4.891157150268555e-05,6.982684135437012e-05,0.00011485815048217773,0.00020663440227508545,0.00031556487083435043
1.1765157,1.0,0.00017690659,0.00069499016,4.5,0.00018088739759234343,5.542039871215821e-05,6.562471389770508e-05,0.00011497735977172852,0.000203058123588562,0.00032073855400085435
1.1786822,1.0,0.00017654896,0.00067281723,4.5,0.00017934295098120392,4.745721817016602e-05,7.319450378417969e-05,0.00011533498764038086,0.00020523369312286377,0.0003255546092987059
1.1808486,1.0,0.00017742514,0.00065129995,4.5,0.0001766681136005579,4.085302352905273e-05,8.082389831542969e-05,0.0001157522201538086,0.0002081543207168579,0.0003304481506347655
1.1830151,1.0,0.00017856955,0.0006298423,4.5,0.0001738727242697274,3.489255905151368e-05,8.818507194519043e-05,0.00011587142944335938,0.00021047890186309814,0.00033484697341918936
1.1851816,1.0,0.00017980933,0.00060892105,4.5,0.00017146944491429268,2.925395965576172e-05,9.292364120483398e-05,0.00012034177780151367,0.00021313130855560303,0.0003391861915588378
1.187348,1.0,0.0001809299,0.00058853626,4.5,0.00016930713366825908,2.911090850830078e-05,9.506940841674805e-05,0.00012695789337158203,0.00021545588970184326,0.0003432035446166991
1.1895145,1.0,0.00018206835,0.0005684495,4.5,0.00016740717900494583,3.533363342285156e-05,9.211897850036621e-05,0.00013333559036254883,0.00021773576736450195,0.0003472447395324706
1.191681,1.0,0.00018305778,0.00054877996,4.5,0.00016585792753018677,4.111528396606446e-05,8.943676948547363e-05,0.0001392364501953125,0.00021979212760925293,0.0003507971763610839
1.1938474,1.0,0.00018405318,0.00052934885,4.5,0.00016448521226331646,4.662275314331055e-05,8.687376976013184e-05,0.00014495849609375,0.00022172927856445312,0.0003540456295013427
1.1960139,1.0,0.00018537641,0.0005104542,4.5,0.00016289931472948806,5.245208740234375e-05,8.422136306762695e-05,0.0001462697982788086,0.0002257823944091797,0.0003573238849639892
1.1981804,1.0,0.00018735528,0.00049197674,4.5,0.0001605419189830103,5.8710575103759766e-05,8.186697959899902e-05,0.00014656782150268555,0.00022977590560913086,0.00036041140556335443
1.200347,1.0,0.00018923878,0.00047373772,4.5,0.0001583031402162596,5.677938461303711e-05,8.618831634521484e-05,0.00014716386795043945,0.00023365020751953125,0.0003630697727203368
1.2025133,1.0,0.00019105077,0.00045603514,4.5,0.00015642585168365654,5.341768264770508e-05,9.173154830932617e-05,0.0001474618911743164,0.00023728609085083008,0.0003657042980194091
1.2046798,1.0,0.00019276739,0.00043863058,4.5,0.00015448886282430283,5.0187110900878906e-05,9.670853614807129e-05,0.00014889240264892578,0.00024047493934631348,0.00036819577217102046
1.2068464,1.0,0.0001942575,0.00042158365,4.5,0.00015286995634791273,4.675388336181641e-05,9.995698928833008e-05,0.00015294551849365234,0.0002435743808746338,0.00037019848823547356
1.2090127,1.0,0.00019573569,0.00040513277,4.5,0.00015124071088917852,4.3892860412597655e-05,0.00010314583778381348,0.00015687942504882812,0.00024637579917907715,0.00037199854850769034
1.2111793,1.0,0.00019711853,0.0003888011,4.5,0.00014989199298318548,4.096031188964844e-05,0.0001062154769897461,0.00016063451766967773,0.00024902820587158203,0.0003739416599273681
1.2133458,1.0,0.0001983881,0.00037300587,4.5,0.00014854525385753494,4.0078163146972655e-05,0.00010913610458374023,0.0001639723777770996,0.00025138258934020996,0.00037536621093749997
1.2155122,1.0,0.00019963979,0.00035762787,4.5,0.00014731904013438134,4.2879581451416014e-05,0.00011202692985534668,0.00016742944717407227,0.0002535879611968994,0.000376904010772705
1.2176787,1.0,0.00020070076,0.0003424883,4.5,0.00014623776273905504,4.5800209045410155e-05,0.00011467933654785156,0.00017023086547851562,0.0002554357051849365,0.0003780722618103027
1.2198452,1.0,0.00020177364,0.00032782555,4.5,0.00014515867610179122,4.8553943634033204e-05,0.00011733174324035645,0.0001729726791381836,0.00025716423988342285,0.00037924051284790036
1.2220116,1.0,0.00020263196,0.00031340122,4.5,0.00014412928205224896,5.0973892211914065e-05,0.00011971592903137207,0.00017565488815307617,0.00025853514671325684,0.0003799796104431152
1.2241781,1.0,0.00020346642,0.00029945374,4.5,0.00014325262160452842,5.3322315216064454e-05,0.00012183189392089844,0.00017791986465454102,0.00025966763496398926,0.0003808856010437011
1.2263446,1.0,0.00020426512,0.00028592348,4.5,0.000142272781451315,5.549192428588867e-05,0.00012195110321044922,0.00018030405044555664,0.000260770320892334,0.00038124322891235345
1.228511,1.0,0.00020489693,0.00027245283,4.5,0.00014134917579841516,5.768537521362305e-05,0.00012218952178955078,0.00018197298049926758,0.000261455774307251,0.00038152933120727534
1.2306775,1.0,0.00020544529,0.00025969744,4.5,0.000140569194036783,5.933046340942383e-05,0.00012242794036865234,0.00018364191055297852,0.0002620816230773926,0.0003817319869995117
1.232844,1.0,0.00020588636,0.00024718046,4.5,0.00013975152052478576,6.088018417358398e-05,0.00012287497520446777,0.00018519163131713867,0.0002624988555908203,0.0003816127777099609
1.2350104,1.0,0.0002063632,0.0002349019,4.5,0.00013884928063486468,6.262063980102539e-05,0.00012344121932983398,0.00018650293350219727,0.0002626478672027588,0.0003814220428466796
1.2371769,1.0,0.00020673274,0.00022298098,4.5,0.0001380258695857265,6.412267684936525e-05,0.00012388825416564941,0.00018769502639770508,0.00026279687881469727,0.0003811240196228027
1.2393434,1.0,0.00020689964,0.00021153688,4.5,0.00013732072170321972,6.519556045532228e-05,0.00012451410293579102,0.00018841028213500977,0.0002624392509460449,0.000380563735961914
1.2415099,1.0,0.00020705462,0.00020033121,4.5,0.0001364626001236159,6.623268127441407e-05,0.0001252591609954834,0.00018918514251708984,0.0002618730068206787,0.0003798842430114746
1.2436763,1.0,0.00020723343,0.00018972158,4.5,0.0001356256357595374,6.726980209350585e-05,0.00012624263763427734,0.00018972158432006836,0.00026154518127441406,0.0003791093826293945
1.2458428,1.0,0.00020726919,0.00017923117,4.5,0.00013488538048546175,6.798505783081054e-05,0.0001270771026611328,0.00019025802612304688,0.0002605915069580078,0.00037837028503417963
1.2480093,1.0,0.00020725727,0.00016927719,4.5,0.00013406685367777592,6.870031356811523e-05,0.00012832880020141602,0.00019031763076782227,0.00025981664657592773,0.000377202033996582
1.2501757,1.0,0.00020709037,0.00015950203,4.5,0.0001332659955527564,6.914138793945312e-05,0.00012922286987304688,0.00019037723541259766,0.000258713960647583,0.0003760457038879394
1.2523422,1.0,0.00020692349,0.0001500845,4.5,0.00013247636804329525,6.937980651855469e-05,0.000130385160446167,0.00019031763076782227,0.0002574026584625244,0.0003748059272766113
1.2545087,1.0,0.00020669699,0.00014102459,4.5,0.00013168302066396024,6.983280181884765e-05,0.0001316070556640625,0.00018996000289916992,0.00025603175163269043,0.00037337541580200194
1.2566751,1.0,0.00020634531,0.00013232231,4.5,0.0001308197335311572,6.979703903198242e-05,0.00013324618339538574,0.00018936395645141602,0.0002541840076446533,0.0003715455532073974
1.2588416,1.0,0.00020594001,0.00012385845,4.5,0.00013003067261010265,6.984472274780275e-05,0.00013452768325805664,0.0001887679100036621,0.000252455472946167,0.0003699123859405517
1.2610081,1.0,0.00020541549,0.00011575222,4.5,0.00012917749263543205,6.972551345825196e-05,0.0001361370086669922,0.00018775463104248047,0.00025019049644470215,0.00036799311637878416
1.2631745,1.0,0.00020498634,0.000108003616,4.5,0.00012839836147352424,6.939172744750977e-05,0.00013774633407592773,0.000186920166015625,0.0002484917640686035,0.00036597847938537594
1.265341,1.0,0.00020436644,0.00010049343,4.5,0.00012757994549723523,6.906986236572267e-05,0.0001392662525177002,0.00018578767776489258,0.0002461373805999756,0.000363856554031372
1.2675076,1.0,0.00020368696,9.357929e-05,4.5,0.00012671902637062426,6.858110427856445e-05,0.000141143798828125,0.0001843571662902832,0.0002435147762298584,0.00036165118217468256
1.2696741,1.0,0.00020306706,8.666515e-05,4.5,0.00012597399785603614,6.80685043334961e-05,0.0001430809497833252,0.00018298625946044922,0.00024110078811645508,0.00035926699638366694
1.2718405,1.0,0.00020230413,8.022785e-05,4.5,0.00012520425831202614,6.725788116455079e-05,0.00014480948448181152,0.00018161535263061523,0.00023826956748962402,0.00035676360130310053
1.274007,1.0,0.00020142198,7.426739e-05,4.5,0.0001244138165150895,6.656646728515626e-05,0.00014665722846984863,0.00017964839935302734,0.00023561716079711914,0.00035404562950134275
1.2761735,1.0,0.00020062327,6.830692e-05,4.5,0.00012369825661553356,6.557703018188477e-05,0.00014889240264892578,0.00017786026000976562,0.0002326667308807373,0.00035147070884704583
1.2783399,1.0,0.00019965768,6.2823296e-05,4.5,0.00012298863495702436,6.469488143920899e-05,0.0001507103443145752,0.00017601251602172852,0.00022938847541809082,0.0003485739231109619
1.2805064,1.0,0.00019869208,5.7697296e-05,4.5,0.0001223812668001125,6.330013275146484e-05,0.00015145540237426758,0.00017386674880981445,0.00022664666175842285,0.00034570097923278806
1.2826729,1.0,0.00019764304,5.2928925e-05,4.5,0.00012171631848853018,6.22391700744629e-05,0.00015160441398620605,0.00017154216766357422,0.00022432208061218262,0.0003427088260650634
1.2848393,1.0,0.00019658208,4.839897e-05,4.5,0.00012121995853485207,6.088018417358399e-05,0.00015166401863098145,0.0001690983772277832,0.00022172927856445312,0.0003396689891815185
1.2870058,1.0,0.00019542575,4.4107437e-05,4.5,0.00012071218458928242,5.94019889831543e-05,0.00015094876289367676,0.00016802549362182617,0.00021922588348388672,0.00033648610115051265
1.2891723,1.0,0.0001942575,4.017353e-05,4.5,0.00012022524105431817,5.817413330078125e-05,0.00014907121658325195,0.0001685619354248047,0.00021666288375854492,0.0003331124782562255
1.2913387,1.0,0.00019301772,3.671646e-05,4.5,0.00011989546376044143,5.642175674438477e-05,0.00014719367027282715,0.00016933679580688477,0.00021374225616455078,0.0003297626972198486
1.2935052,1.0,0.0001917243,3.33786e-05,4.5,0.00011962650457516284,5.463361740112305e-05,0.00014537572860717773,0.00016996264457702637,0.0002110004425048828,0.00032618641853332514
1.2956717,1.0,0.00019043684,3.027916e-05,4.5,0.000119486017369825,5.277395248413086e-05,0.00014328956604003906,0.00017061829566955566,0.00020825862884521484,0.00032274127006530755
1.2978381,1.0,0.00018895864,2.7537346e-05,4.5,0.00011937500376375741,5.110502243041992e-05,0.0001410841941833496,0.0001710951328277588,0.00020501017570495605,0.00031886696815490716
1.3000046,1.0,0.00018764139,2.5391579e-05,4.5,0.00011932764684615593,5.366802215576172e-05,0.00013884902000427246,0.0001717209815979004,0.0002018660306930542,0.0003153204917907714
1.3021711,1.0,0.00018610359,2.3126602e-05,4.5,0.00011946483894064499,5.620718002319336e-05,0.00013619661331176758,0.00016760826110839844,0.00020085275173187256,0.00031126737594604486
1.3043375,1.0,0.00018466116,2.1338463e-05,4.5,0.00011963920573406406,5.894899368286133e-05,0.00013399124145507812,0.00016361474990844727,0.00019977986812591553,0.0003075242042541503
1.306504,1.0,0.00018314719,1.9907951e-05,4.5,0.00011998032542970918,6.157159805297852e-05,0.00013116002082824707,0.0001595616340637207,0.0001993924379348755,0.0003036856651306152
1.3086705,1.0,0.00018162132,1.8715858e-05,4.5,0.00012040897032435651,6.471872329711914e-05,0.0001277327537536621,0.00015538930892944336,0.00020195543766021729,0.00029954910278320304
1.310837,1.0,0.00018008352,1.7642975e-05,4.5,0.00012094442901820197,6.765127182006836e-05,0.00012439489364624023,0.00015109777450561523,0.00020463764667510986,0.0002955079078674316
1.3130034,1.0,0.00017839074,1.7046928e-05,4.5,0.00012175393986133342,7.045269012451172e-05,0.00012060999870300293,0.00014662742614746094,0.0002075284719467163,0.00029128789901733393
1.3151699,1.0,0.00017670989,1.680851e-05,4.5,0.00012255468069785727,7.346868515014648e-05,0.0001169443130493164,0.00014215707778930664,0.0002100914716720581,0.00028704404830932613
1.3173364,1.0,0.00017495752,1.680851e-05,4.5,0.00012352136186512586,7.658004760742189e-05,0.00011307001113891602,0.00013762712478637695,0.00021283328533172607,0.0002827048301696777
1.3195028,1.0,0.00017322898,1.692772e-05,4.5,0.0001246500898083351,7.958412170410157e-05,0.00010916590690612793,0.00013303756713867188,0.00021569430828094482,0.0002783775329589843
1.3216693,1.0,0.00017148853,1.7404556e-05,4.5,0.00012588913777741484,8.291006088256836e-05,0.00010529160499572754,0.00012826919555664062,0.0002184659242630005,0.00027406215667724604
1.3238358,1.0,0.00016974806,1.835823e-05,4.5,0.0001272554139177716,8.611679077148437e-05,0.00010135769844055176,0.00012367963790893555,0.00022135674953460693,0.000269639492034912
1.3260022,1.0,0.00016780496,1.9431114e-05,4.5,0.00012887301644192475,8.542537689208985e-05,0.00010055303573608398,0.00011855363845825195,0.0002231001853942871,0.0002662599086761474
1.3281687,1.0,0.00016598105,2.0623207e-05,4.5,0.0001304250842990236,8.122920989990234e-05,0.00010278820991516113,0.00011372566223144531,0.00021836161613464355,0.0002708375453948974
1.3303353,1.0,0.00016416908,2.2411346e-05,4.5,0.00013218615317526678,7.680654525756837e-05,0.00010314583778381348,0.00010901689529418945,0.00021341443061828613,0.00027586817741394033
1.3325016,1.0,0.0001621902,2.4318695e-05,4.5,0.00013425397977867372,7.202625274658204e-05,0.00010010600090026855,0.0001074075698852539,0.00020813941955566406,0.00028083920478820794
1.3346682,1.0,0.00016080737,2.6464462e-05,4.5,0.0001356306873714228,6.814002990722657e-05,9.66489315032959e-05,0.00010710954666137695,0.00020328164100646973,0.0002856552600860595
1.3368347,1.0,0.0001596272,2.8967857e-05,4.5,0.00013684188699333172,6.44207000732422e-05,9.250640869140625e-05,0.00010716915130615234,0.00019824504852294922,0.0002905905246734618
1.339001,1.0,0.00015826822,3.159046e-05,4.5,0.00013839319464453584,5.996227264404297e-05,8.684396743774414e-05,0.00010710954666137695,0.00019302964210510254,0.00029566884040832514
1.3411676,1.0,0.00015709996,3.4689903e-05,4.5,0.00013983300492178134,5.6254863739013676e-05,8.159875869750977e-05,0.00010728836059570312,0.00018778443336486816,0.00030060410499572744
1.3433341,1.0,0.00015580058,3.8027763e-05,4.5,0.00014160808246988201,5.2034854888916016e-05,7.56680965423584e-05,0.00010758638381958008,0.0001824796199798584,0.00030588507652282707
1.3455005,1.0,0.00015462041,4.1604042e-05,4.5,0.00014348204288311409,4.802942276000976e-05,7.000565528869629e-05,0.00010639429092407227,0.00017824769020080566,0.00031107068061828606
1.347667,1.0,0.00015330911,4.541874e-05,4.5,0.00014544048600392725,4.410743713378906e-05,6.41942024230957e-05,0.00010251998901367188,0.00017505884170532227,0.0003161251544952392
1.3498335,1.0,0.00015205145,4.9471855e-05,4.5,0.00014762610735839663,3.988742828369141e-05,5.844235420227051e-05,9.870529174804688e-05,0.00017175078392028809,0.00032137632369995113
1.352,1.0,0.00015082359,5.376339e-05,4.5,0.0001499332725850515,3.591775894165039e-05,5.2362680435180664e-05,9.495019912719727e-05,0.00016859173774719238,0.0003266811370849609
1.3541664,1.0,0.00014953614,5.8293343e-05,4.5,0.00015229941706442694,3.637075424194336e-05,4.655122756958008e-05,9.101629257202148e-05,0.00016540288925170898,0.00033185482025146476
1.3563329,1.0,0.00014820098,6.330013e-05,4.5,0.00015483332193222561,3.4689903259277344e-05,4.476308822631836e-05,8.690357208251953e-05,0.0001620650291442871,0.00033714771270751946
1.3584994,1.0,0.00014694929,6.842613e-05,4.5,0.00015745748780503666,2.8395652770996092e-05,4.649162292480469e-05,8.320808410644531e-05,0.00016263127326965332,0.0003425359725952148
1.3606658,1.0,0.00014560223,7.390976e-05,4.5,0.0001603203400592895,2.206563949584961e-05,4.711747169494629e-05,7.921457290649414e-05,0.00016453862190246582,0.000347757339477539
1.3628323,1.0,0.00014430881,7.939339e-05,4.5,0.00016321820294974042,1.577138900756836e-05,4.413723945617676e-05,7.617473602294922e-05,0.00016663968563079834,0.00035306215286254875
1.3649988,1.0,0.00014294386,8.535385e-05,4.5,0.00016616874360586133,9.369850158691406e-06,3.981590270996094e-05,7.593631744384766e-05,0.00016860663890838623,0.0003583490848541259
1.3671652,1.0,0.00014160872,9.1433525e-05,4.5,0.0001693186546863683,3.027915954589844e-06,3.5136938095092773e-05,7.587671279907227e-05,0.00017081201076507568,0.00036376118659973137
1.3693317,1.0,0.00014196635,9.775162e-05,4.5,0.0001710251019856607,4.839897155761719e-06,3.0875205993652344e-05,7.575750350952148e-05,0.00017289817333221436,0.00036928057670593256
1.3714982,1.0,0.00014293194,0.00010454655,4.5,0.0001721974118549479,1.0085105895996093e-05,2.6553869247436523e-05,7.557868957519531e-05,0.00017486512660980225,0.00037477612495422357
1.3736646,1.0,0.00014390945,0.000111460686,4.5,0.0001735739068006429,1.6009807586669923e-05,2.193450927734375e-05,7.551908493041992e-05,0.00017686188220977783,0.0003800928592681884
1.3758311,1.0,0.00014489889,0.00011861324,4.5,0.0001749885176408117,1.9943714141845704e-05,2.4139881134033203e-05,7.522106170654297e-05,0.0001788884401321411,0.0003853857517242431
1.3779976,1.0,0.00014594794,0.00012588501,4.5,0.00017663225946471013,2.322196960449219e-05,2.6553869247436523e-05,7.528066635131836e-05,0.00018103420734405518,0.00039080977439880365
1.3801641,1.0,0.00014687776,0.0001335144,4.5,0.00017837595459643647,1.919269561767578e-05,3.218650817871094e-05,7.50422477722168e-05,0.00018300116062164307,0.00039620995521545406
1.3823305,1.0,0.00014811158,0.00014150143,4.5,0.00018014782395801065,1.5485286712646485e-05,3.793835639953613e-05,7.492303848266602e-05,0.0001854151487350464,0.0004015803337097167
1.384497,1.0,0.000150007,0.00014948845,4.5,0.0001812625127359851,1.2624263763427735e-05,4.342198371887207e-05,7.027387619018555e-05,0.00018958747386932373,0.0004068851470947265
1.3866636,1.0,0.00015189052,0.00015795231,4.5,0.00018249502787689648,9.644031524658204e-06,4.762411117553711e-05,6.753206253051758e-05,0.0001942664384841919,0.00041227340698242183
1.38883,1.0,0.00015385747,0.00016653538,4.5,0.00018381492853355741,1.3661384582519532e-05,4.747509956359863e-05,6.783008575439453e-05,0.0001987665891647339,0.00041748285293579095
1.3909965,1.0,0.00015572905,0.00017541647,4.5,0.00018529188218163712,1.735687255859375e-05,4.5418739318847656e-05,6.80088996887207e-05,0.00020329654216766357,0.00042288303375244136
1.393163,1.0,0.00015804172,0.00018447638,4.5,0.0001864834764737727,2.1755695343017578e-05,4.312396049499512e-05,6.854534149169922e-05,0.00020794570446014404,0.00042837858200073237
1.3953294,1.0,0.00016072392,0.00019389391,4.5,0.0001873936164678069,2.6309490203857424e-05,3.8623809814453125e-05,7.444620132446289e-05,0.00021238625049591064,0.0004335761070251464
1.3974959,1.0,0.00016342997,0.00020331144,4.5,0.00018836172508834544,2.6488304138183596e-05,3.746151924133301e-05,8.034706115722656e-05,0.00021679699420928955,0.0004388689994812011
1.3996624,1.0,0.00016608834,0.0002130866,4.5,0.0001895480523624713,2.2792816162109374e-05,3.93986701965332e-05,8.606910705566406e-05,0.0002215951681137085,0.0004441738128662109
1.4018288,1.0,0.00016867518,0.0002232194,4.5,0.00019067156723670984,1.9299983978271485e-05,3.93986701965332e-05,9.167194366455078e-05,0.0002260357141494751,0.00044933557510375973
1.4039953,1.0,0.00017129778,0.0002334714,4.5,0.00019190109582940874,1.9979476928710937e-05,3.618001937866211e-05,9.757280349731445e-05,0.00023059546947479248,0.00045440196990966794
1.4061618,1.0,0.00017388463,0.00024396181,4.5,0.00019319540610733955,2.3186206817626953e-05,3.299117088317871e-05,0.00010317564010620117,0.0002348572015762329,0.00045957565307617185
1.4083282,1.0,0.00017651916,0.00025469065,4.5,0.00019458709845726808,1.965761184692383e-05,3.522634506225586e-05,0.00010889768600463867,0.00023923814296722412,0.00046485662460327143
1.4104947,1.0,0.00017898083,0.0002655387,4.5,0.00019599863374335547,1.3959407806396485e-05,3.9130449295043945e-05,0.00011444091796875,0.00024349987506866455,0.0004696428775787353
1.4126612,1.0,0.00018188357,0.00027686357,4.5,0.00019717413341002006,8.749961853027344e-06,4.2825937271118164e-05,0.00012010335922241211,0.00024794042110443115,0.00047470331192016595
1.4148276,1.0,0.00018526912,0.00028818846,4.5,0.00019781308450759425,5.650520324707031e-06,4.6700239181518555e-05,0.00012564659118652344,0.00025226175785064697,0.0004796385765075683
1.4169941,1.0,0.00018894076,0.00029981136,4.5,0.00019815631752415536,9.393692016601562e-06,5.0514936447143555e-05,0.00013136863708496094,0.00025628507137298584,0.0004846811294555664
1.4191606,1.0,0.0001932919,0.00031161308,4.5,0.00019775668301299587,1.3577938079833985e-05,5.4210424423217773e-05,0.00013679265975952148,0.0002605170011520386,0.0004894137382507324
1.4213271,1.0,0.0001977086,0.00032365322,4.5,0.00019735858855295847,1.778602600097656e-05,5.799531936645508e-05,0.00014209747314453125,0.00026485323905944824,0.000494551658630371
1.4234935,1.0,0.00020196437,0.00033593178,4.5,0.0001968809401584704,2.2077560424804686e-05,6.160140037536621e-05,0.0001474618911743164,0.000268787145614624,0.0004991531372070312
1.42566,1.0,0.00020627976,0.00034856796,4.5,0.00019638973959402068,2.6166439056396484e-05,6.532669067382812e-05,0.00015306472778320312,0.00027298927307128906,0.000503838062286377
1.4278265,1.0,0.0002105236,0.00036108494,4.5,0.00019598438843629673,3.0255317687988283e-05,6.893277168273926e-05,0.0001576840877532959,0.00027729570865631104,0.0005087494850158691
1.4299929,1.0,0.00021468401,0.00037419796,4.5,0.00019562763572962243,3.421306610107422e-05,7.253885269165039e-05,0.00016179680824279785,0.00028176605701446533,0.0005132675170898437
1.4321594,1.0,0.00021874905,0.00038725138,4.5,0.00019522422050058142,3.931522369384766e-05,7.590651512145996e-05,0.00016573071479797363,0.00028623640537261963,0.0005178451538085938
1.4343259,1.0,0.00022287368,0.0004004836,4.5,0.00019479106714575674,4.4333934783935544e-05,7.95125961303711e-05,0.0001697838306427002,0.00029061734676361084,0.00052262544631958
1.4364923,1.0,0.00022686124,0.0004143119,4.5,0.0001944258794363525,4.930496215820313e-05,8.299946784973145e-05,0.0001735985279083252,0.00029514729976654053,0.0005269467830657958
1.4386588,1.0,0.00023095011,0.00042802095,4.5,0.00019395109833139198,5.451440811157227e-05,8.636713027954102e-05,0.00017771124839782715,0.00029949843883514404,0.0005314052104949951
1.4408253,1.0,0.00023477673,0.00044208765,4.5,0.00019358245157636132,5.9270858764648436e-05,8.96453857421875e-05,0.00018134713172912598,0.00030381977558135986,0.0005357444286346435
1.4429917,1.0,0.00023856162,0.00045615435,4.5,0.00019312123456354102,6.402730941772461e-05,9.295344352722168e-05,0.00018519163131713867,0.0003080219030380249,0.0005397498607635498
1.4451582,1.0,0.00024238825,0.00047063828,4.5,0.00019280555586228507,6.88791275024414e-05,9.608268737792969e-05,0.0001888871192932129,0.00031216442584991455,0.0005441129207611083
1.4473248,1.0,0.00024604797,0.00048530102,4.5,0.00019235749835342728,7.350444793701172e-05,9.930133819580078e-05,0.00019252300262451172,0.00031612813472747803,0.0005482017993927002
1.4494913,1.0,0.00024974346,0.0005002022,4.5,0.00019194238530278725,7.836818695068359e-05,0.00010249018669128418,0.00019603967666625977,0.0003201514482498169,0.0005524098873138428
1.4516577,1.0,0.0002533078,0.00051522255,4.5,0.00019154288869356674,8.268356323242188e-05,0.00010547041893005371,0.0001996159553527832,0.000324055552482605,0.0005563914775848388
1.4538242,1.0,0.00025681258,0.0005303025,4.5,0.00019112511908767621,8.710622787475586e-05,0.00010845065116882324,0.00020301342010498047,0.0003278404474258423,0.0005601704120635987
1.4559907,1.0,0.00026030542,0.00054579973,4.5,0.00019071615478368878,9.170770645141601e-05,0.00011146068572998047,0.00020641088485717773,0.00033174455165863037,0.0005639374256134033
1.4581571,1.0,0.0002636075,0.00056153536,4.5,0.00019038367598923052,9.586811065673829e-05,0.00011444091796875,0.00020956993103027344,0.0003354102373123169,0.0005678951740264892
1.4603236,1.0,0.00026681423,0.0005772114,4.5,0.00018997070184253556,0.00010012388229370117,0.00011712312698364258,0.00021284818649291992,0.00033892691135406494,0.0005714118480682372
1.4624901,1.0,0.0002699971,0.00059342384,4.5,0.00018958341006555083,0.00010416507720947265,0.00011983513832092285,0.00021606683731079102,0.000342443585395813,0.0005749285221099853
1.4646565,1.0,0.00027311445,0.0006095171,4.5,0.0001892639176103033,0.00010800361633300781,0.00012251734733581543,0.00021904706954956055,0.0003460794687271118,0.0005784034729003906
1.466823,1.0,0.00027624966,0.0006260276,4.5,0.000188863829705575,0.00011066198348999023,0.0001265406608581543,0.00022208690643310547,0.0003494471311569214,0.0005819201469421387
1.4689895,1.0,0.00027933717,0.0006427169,4.5,0.00018856972974021729,0.00011299848556518554,0.00013023614883422852,0.0002250075340270996,0.00035290420055389404,0.0005854487419128417
1.4711559,1.0,0.00028210282,0.0006595254,4.5,0.0001881599958513725,0.00011528730392456055,0.00013387203216552734,0.0002276897430419922,0.00035606324672698975,0.0005885839462280273
1.4733224,1.0,0.00028496384,0.0006765127,4.5,0.00018773218692283775,0.0001177072525024414,0.00013756752014160156,0.00023055076599121094,0.00035910308361053467,0.000591742992401123
1.4754889,1.0,0.00028761028,0.00069379807,4.5,0.0001874072151622672,0.00011987686157226563,0.00014097988605499268,0.00023311376571655273,0.00036200881004333496,0.0005948901176452637
1.4776553,1.0,0.00029014944,0.0007112026,4.5,0.00018710979449099868,0.00012160539627075196,0.00014446675777435303,0.00023555755615234375,0.0003649294376373291,0.0005977272987365723
1.4798218,1.0,0.00029276015,0.0007289052,4.5,0.0001867149386356754,0.00012367963790893555,0.0001478344202041626,0.00023812055587768555,0.00036793947219848633,0.0006006360054016113
1.4819883,1.0,0.00029513836,0.0007465482,4.5,0.00018640620395080903,0.0001255035400390625,0.0001509636640548706,0.00024044513702392578,0.00037066638469696045,0.0006034374237060547
1.4841547,1.0,0.0002973914,0.0007644892,4.5,0.00018611929997324164,0.00012711286544799804,0.0001540929079055786,0.00024253129959106445,0.00037322938442230225,0.0006061315536499024
1.4863212,1.0,0.00029979943,0.0007827282,4.5,0.00018571962192268486,0.00012924671173095704,0.00015725195407867432,0.0002449154853820801,0.0003760010004043579,0.0006088018417358398
1.4884877,1.0,0.00030186176,0.00080114603,4.5,0.0001853192177872159,0.0001307368278503418,0.00016023218631744385,0.00024688243865966797,0.00037832558155059814,0.0006111264228820801
1.4906542,1.0,0.00030392408,0.0008197427,4.5,0.00018494374153154886,0.00013231039047241212,0.00016327202320098877,0.00024884939193725586,0.00038073956966400146,0.0006133556365966797
1.4928206,1.0,0.0003058672,0.0008382797,4.5,0.00018464289535296852,0.000133669376373291,0.00016586482524871826,0.00025081634521484375,0.0003830045461654663,0.0006153941154479981
1.4949871,1.0,0.00030761957,0.0008573532,4.5,0.00018429153211339005,0.00013500452041625977,0.00016842782497406006,0.0002524852752685547,0.0003851205110549927,0.000615084171295166
1.4971536,1.0,0.00030937194,0.0008764863,4.5,0.00018402466470961328,0.0001362323760986328,0.00017093122005462646,0.0002541542053222656,0.00038717687129974365,0.0006150007247924805
1.49932,1.0,0.00031104684,0.0008957982,4.5,0.0001836454760708381,0.0001375555992126465,0.00017343461513519287,0.00025588274002075195,0.00038902461528778076,0.0006145775318145752
1.5014865,1.0,0.00031253695,0.0009151697,4.5,0.00018333355946344813,0.00013846158981323242,0.0001757889986038208,0.00025719404220581055,0.00039090216159820557,0.0006140410900115967
1.503653,1.0,0.00031395553,0.00093477964,4.5,0.00018295779468034478,0.00013954639434814452,0.00017790496349334717,0.0002587437629699707,0.0003925710916519165,0.0006133615970611572
1.5058194,1.0,0.0003153026,0.0009546876,4.5,0.00018270778566532191,0.00014053583145141603,0.00017990171909332275,0.0002598762512207031,0.00039421021938323975,0.0006128251552581787
1.507986,1.0,0.00031648873,0.00097465515,4.5,0.00018232962177425785,0.00014138221740722656,0.0001818835735321045,0.00026106834411621094,0.0003956407308578491,0.0006118118762969971
1.5101525,1.0,0.0003174901,0.0009947419,4.5,0.00018205156153131181,0.00014177560806274414,0.0001837313175201416,0.0002620816230773926,0.00039692223072052,0.0006109893321990967
1.5123188,1.0,0.000318408,0.0010151267,4.5,0.0001817342024369669,0.00014230012893676758,0.0001855790615081787,0.0002627372741699219,0.00039814412593841553,0.000609666109085083
1.5144854,1.0,0.0003191948,0.0010356903,4.5,0.0001814692878359451,0.0001425623893737793,0.0001869499683380127,0.00026363134384155273,0.00039936602115631104,0.000608593225479126
1.5166519,1.0,0.00031991006,0.0010563731,4.5,0.00018108762132838235,0.00014307498931884766,0.00018855929374694824,0.00026416778564453125,0.0004003196954727173,0.0006072103977203369
1.5188184,1.0,0.00032058955,0.001077354,4.5,0.00018087911828967908,0.0001433253288269043,0.00018990039825439453,0.00026488304138183594,0.00040127336978912354,0.000605863332748413
1.5209848,1.0,0.00032101868,0.0010983944,4.5,0.00018054573182527676,0.00014337301254272461,0.00019103288650512695,0.0002651810646057129,0.0004020482301712036,0.000604325532913208
1.5231513,1.0,0.00032141208,0.0011199117,4.5,0.00018022294733789534,0.00014339685440063478,0.00019231438636779785,0.0002655982971191406,0.0004027038812637329,0.0006025969982147217
1.5253178,1.0,0.0003216386,0.0011410713,4.5,0.00017992978116282714,0.00014330148696899413,0.0001933574676513672,0.0002657175064086914,0.00040321052074432373,0.0006008446216583252
1.5274842,1.0,0.0003217697,0.0011627078,4.5,0.0001796533217336192,0.00014297962188720704,0.00019425153732299805,0.0002657771110534668,0.00040368735790252686,0.000598973035812378
1.5296507,1.0,0.0003217101,0.0011843443,4.5,0.0001792761806106706,0.00014275312423706055,0.00019502639770507812,0.000265657901763916,0.00040380656719207764,0.0005967557430267334
1.5318172,1.0,0.00032156706,0.0012062788,4.5,0.00017898164496040194,0.00014230012893676758,0.00019553303718566895,0.00026553869247436523,0.0004038959741592407,0.0005946338176727294
1.5339836,1.0,0.0003213763,0.0012283921,4.5,0.0001787752065399063,0.00014182329177856446,0.00019600987434387207,0.00026535987854003906,0.0004039257764816284,0.0005925357341766358
1.5361501,1.0,0.00032088757,0.0012506247,4.5,0.00017842493793416504,0.00014113187789916993,0.00019630789756774902,0.00026476383209228516,0.00040368735790252686,0.0005900442600250244
1.5383166,1.0,0.0003203988,0.0012730956,4.5,0.00017814436962220113,0.0001403212547302246,0.00019672513008117676,0.00026410818099975586,0.0004035681486129761,0.0005874693393707276
1.540483,1.0,0.00031962394,0.001295805,4.5,0.00017786113046271756,0.00013916492462158204,0.00019660592079162598,0.0002633333206176758,0.00040303170680999756,0.000584644079208374
1.5426495,1.0,0.00031882524,0.0013182759,4.5,0.00017764855705911564,0.000138092041015625,0.0001964569091796875,0.0002624988555908203,0.00040258467197418213,0.0005820333957672119
1.544816,1.0,0.00031788944,0.0013412237,4.5,0.00017732084974819365,0.00013692378997802733,0.0001963973045349121,0.00026154518127441406,0.00040180981159210205,0.000578927993774414
1.5469824,1.0,0.00031681656,0.0013644099,4.5,0.00017708999725527831,0.0001356363296508789,0.00019606947898864746,0.00026023387908935547,0.00040112435817718506,0.0005759716033935546
1.5491489,1.0,0.00031555296,0.0013877153,4.5,0.00017678737517572157,0.00013412237167358397,0.00019550323486328125,0.00025904178619384766,0.00039996206760406494,0.000572669506072998
1.5513154,1.0,0.00031419395,0.0014109015,4.5,0.0001764909379553995,0.00013257265090942382,0.00019481778144836426,0.00025779008865356445,0.0003988891839981079,0.0005692362785339355
1.5534818,1.0,0.0003127396,0.0014343858,4.5,0.000176235392653402,0.00013083219528198242,0.00019416213035583496,0.0002561211585998535,0.0003975778818130493,0.0005660176277160644
1.5556483,1.0,0.0003110945,0.001458168,4.5,0.0001759932781919698,0.00012891292572021485,0.0001932680606842041,0.00025451183319091797,0.0003962665796279907,0.0005623459815979004
1.5578148,1.0,0.00030923486,0.0014821887,4.5,0.00017570679931244,0.0001269221305847168,0.0001920461654663086,0.0002524852752685547,0.00039471685886383057,0.0005582451820373535
1.5599813,1.0,0.0003073752,0.0015060902,4.5,0.00017546541418822652,0.00012489557266235352,0.00019094347953796387,0.0002506375312805176,0.00039304792881011963,0.0005545496940612793
1.5621477,1.0,0.00030519365,0.0015303493,4.5,0.0001752428299717699,0.00012252330780029296,0.0001894831657409668,0.00024831295013427734,0.0003911703824996948,0.0005504131317138672
1.5643142,1.0,0.0003030002,0.0015545487,4.5,0.00017500227828307337,0.0001201629638671875,0.00018796324729919434,0.0002461075782775879,0.00038905441761016846,0.0005463719367980956
1.5664808,1.0,0.00030055642,0.0015791655,4.5,0.00017464589075102857,0.0001176595687866211,0.0001862943172454834,0.00024372339248657227,0.0003869086503982544,0.0005416393280029296
1.5686471,1.0,0.0002980292,0.0016037822,4.5,0.00017444657807179017,0.0001148223876953125,0.0001843869686126709,0.00024121999740600586,0.00038473308086395264,0.0005372405052185058
1.5708137,1.0,0.00029535295,0.0016283393,4.5,0.0001742692353673663,0.00011186599731445312,0.0001825392246246338,0.0002384185791015625,0.0003822594881057739,0.0005327284336090087
1.5729802,1.0,0.00029255747,0.001653552,4.5,0.0001739895599559507,0.00010912418365478515,0.00018039345741271973,0.00023543834686279297,0.0003797858953475952,0.0005279183387756348
1.5751466,1.0,0.00028955936,0.0016786456,4.5,0.00017370715202621995,0.00010591745376586914,0.0001780688762664795,0.00023257732391357422,0.0003769397735595703,0.000522911548614502
1.5773131,1.0,0.00028626918,0.0017037988,4.5,0.00017351292095444418,0.00010259151458740235,0.00017529726028442383,0.00022917985916137695,0.0003738999366760254,0.0005177974700927734
1.5794796,1.0,0.00028295518,0.0017293692,4.5,0.00017329137878911786,9.902715682983399e-05,0.0001730024814605713,0.0002257227897644043,0.0003707706928253174,0.0005124688148498535
1.581646,1.0,0.00027951002,0.0017547607,4.5,0.0001730073439424671,9.557008743286133e-05,0.00017026066780090332,0.00022232532501220703,0.0003674626350402832,0.0005071043968200683
1.5838125,1.0,0.00027592183,0.0017804503,4.5,0.00017278245905107616,9.189844131469726e-05,0.0001672804355621338,0.00021857023239135742,0.0003641843795776367,0.0005015254020690917
1.585979,1.0,0.00027205943,0.0018063188,4.5,0.00017252081206105513,8.785724639892578e-05,0.00016370415687561035,0.0002148747444152832,0.0003606081008911133,0.0004956722259521484
1.5881455,1.0,0.00026805402,0.0018324852,4.5,0.00017229111998914393,8.391141891479492e-05,0.0001601576805114746,0.00021058320999145508,0.00035688281059265137,0.0004897236824035644
1.5903119,1.0,0.00026403664,0.0018587112,4.5,0.00017204136555148793,7.96675682067871e-05,0.0001564323902130127,0.0002067089080810547,0.0003528892993927002,0.0004836797714233398
1.5924784,1.0,0.000259614,0.0018846989,4.5,0.0001717474836090354,7.535219192504883e-05,0.00015231966972351074,0.0002022385597229004,0.00034880638122558594,0.00047732591629028314
1.5946449,1.0,0.00025520922,0.0019112229,4.5,0.00017155926914686344,7.084608078002929e-05,0.00014826655387878418,0.0001977980136871338,0.00034439563751220703,0.00047113895416259763
1.5968113,1.0,0.0002505064,0.0019376874,4.5,0.00017132885511948024,6.617307662963867e-05,0.00014382600784301758,0.00019308924674987793,0.0003400146961212158,0.00046461224555969236
1.5989778,1.0,0.0002457738,0.0019645095,4.5,0.00017108456813231038,6.121397018432617e-05,0.00013947486877441406,0.00018838047981262207,0.00033542513847351074,0.00045784115791320796
1.6011443,1.0,0.00024076104,0.0019914508,4.5,0.00017087818319823071,5.642175674438477e-05,0.0001347661018371582,0.0001831352710723877,0.0003306865692138672,0.00045083761215209957
1.6033107,1.0,0.00023563505,0.0020184517,4.5,0.00017061703456827204,5.120038986206055e-05,0.00012993812561035156,0.00017818808555603027,0.0003254413604736328,0.0004440069198608398
1.6054772,1.0,0.00023031831,0.0020456314,4.5,0.0001704340999081944,4.603862762451172e-05,0.00012487173080444336,0.00017276406288146973,0.0003204643726348877,0.00043674707412719724
1.6076437,1.0,0.000224787,0.0020728111,4.5,0.00017018684512835268,4.034042358398437e-05,0.00011989474296569824,0.000167161226272583,0.00031512975692749023,0.00042923688888549797
1.6098101,1.0,0.00021906495,0.0021003485,4.5,0.00016993839065286578,3.472566604614258e-05,0.00011444091796875,0.0001614391803741455,0.0003097653388977051,0.00042158365249633784
1.6119766,1.0,0.0002132535,0.0021277666,4.5,0.0001697725974815048,2.880096435546875e-05,0.00010889768600463867,0.00015547871589660645,0.0003041476011276245,0.00041395425796508784
1.6141431,1.0,0.00020725727,0.0021555424,4.5,0.00016958852521839048,2.2840499877929687e-05,0.00010317564010620117,0.000149458646774292,0.00029830634593963623,0.0004060864448547363
1.6163095,1.0,0.00020111799,0.0021834373,4.5,0.00016933051865870602,1.677274703979492e-05,9.739398956298828e-05,0.00014331936836242676,0.00029224157333374023,0.0003981411457061767
1.618476,1.0,0.00019463897,0.0022114515,4.5,0.00016904010891834515,1.0442733764648437e-05,9.122490882873535e-05,0.00013685226440429688,0.0002860724925994873,0.0003897488117218017
1.6206425,1.0,0.0001885116,0.0022394657,4.5,0.0001684252076596146,4.148483276367187e-06,8.52048397064209e-05,0.0001302957534790039,0.0002796053886413574,0.0003814160823822021
1.6228089,1.0,0.00018357039,0.0022677183,4.5,0.00016601937646799073,7.963180541992189e-06,7.88569450378418e-05,0.00012350082397460938,0.00027304887771606445,0.00037281513214111324
1.6249754,1.0,0.0001794219,0.0022961497,4.5,0.00016260634276256517,1.4960765838623047e-05,7.215142250061035e-05,0.00011670589447021484,0.0002664029598236084,0.00036398172378540036
1.627142,1.0,0.00017501116,0.0023246408,4.5,0.00015928704349705262,2.1982192993164063e-05,6.532669067382812e-05,0.00010925531387329102,0.0002593100070953369,0.0003551244735717773
1.6293085,1.0,0.00017061233,0.002353251,4.5,0.0001559041549581556,2.9158592224121093e-05,5.8263540267944336e-05,0.00010216236114501953,0.00025218725204467773,0.0003458976745605468
1.6314749,1.0,0.00016604662,0.0023820996,4.5,0.00015278886909892274,3.663301467895508e-05,5.1140785217285156e-05,9.453296661376953e-05,0.0002447664737701416,0.00033659934997558587
1.6336414,1.0,0.0001614213,0.0024108887,4.5,0.00014976571533116193,3.976821899414063e-05,4.6819448471069336e-05,8.749961853027344e-05,0.00023746490478515625,0.0003270268440246581
1.6358079,1.0,0.00015666484,0.0024398565,4.5,0.00014687869775957242,4.421472549438476e-05,4.64320182800293e-05,8.249282836914062e-05,0.00022995471954345703,0.00031735897064208977
1.6379743,1.0,0.00015180706,0.0024690032,4.5,0.00014428738550920894,3.5810470581054685e-05,4.3839216232299805e-05,8.26120376586914e-05,0.0002225637435913086,0.00030782818794250483
1.6401408,1.0,0.00014687776,0.0024983287,4.5,0.00014179108509141967,2.7298927307128906e-05,4.026293754577637e-05,8.285045623779297e-05,0.00021514296531677246,0.0002975702285766601
